index,x,y,z,qx,qy,qz,qw,distance_from_prev,cumulative_distance
0,0.869175,-0.381878,0.136481,0.722348,0.630557,0.106681,0.263118,0,0
1,0.86908,-0.229744,0.136355,0.494127,0.80207,0.058109,0.330372,0.152134,0.152134
2,0.86908,-0.078398,0.136355,0.219786,0.904256,0.006742,0.366019,0.151346,0.30348
3,0.86908,0.072948,0.136355,-0.074251,0.925408,-0.04523,0.368866,0.151346,0.454826
4,0.86908,0.224294,0.136355,-0.361633,0.86363,-0.093149,0.338657,0.151346,0.606172
